TxHash,BlockNo,UnixTimestamp,txDate,From,To,Quantity
0xc7becd7bb85fd7bc2433d9f00c00820e2d09defc735b0dc537a40bb11143b937,4832698,1514764914,1/1/18 0:01,0x4b01721f0244e7c5b5f63c20942850e447f5a5ee,0x3a84f1d7bba01ff95734fd526e925e9e80c65ed3,1020302
0xed36ef859bb8cfdc07c844f9e368e39dd5909ce371a090192645668d6f7095b3,4832707,1514765050,1/1/18 0:04,0x3a84f1d7bba01ff95734fd526e925e9e80c65ed3,0xe03c23519e18d64f144d2800e30e81b0065c48b5,1020302
0x08623223e3d83eab42644814aab500e5e95a8bd31022fc56c5d7120e97afd268,4832786,1514766247,1/1/18 0:24,0xc8a41dc1f434be2308dc885ca78b25eb7b9be3ed,0xa5f14d8ff6b516e4a1c9f6c6d22a3d20c9d5f898,298407
0x96a9f9206dec3a720f6648edbbfb8780628a8c819f10d288d548a4f562793a31,4832838,1514767009,1/1/18 0:36,0xbb4029fb0540faeb164d2057c504c826b960d209,0x3e0f8121757f55c3fe0f4b4a2fd8b611868a8f5d,150000
0xbe38d296da6f5d8e78fe30768b26df58d718e9c0cc2fe13e34dfdd046048baa7,4832854,1514767255,1/1/18 0:40,0xffd49ee63efa9c2eed23c4fc777428bd6ec96911,0x3b376c88cfd234a9ca3a32f9c01c78d029db1abc,200000000
0xde8c56f252d91d2052898dcea30f5689fc7798d6e9ee59e1440ae8e9b0638646,4832886,1514767839,1/1/18 0:50,0x06a4d43b6caa492e0e4dbb41f055eb8125aa96ab,0x8d12a197cb00d4747a1fe03395095ce2a5cc6819,624749
0xefd5cf8b843aae7d7448c70dc53abec5bcbe00bae14a2c135646647247488989,4832911,1514768126,1/1/18 0:55,0xffd49ee63efa9c2eed23c4fc777428bd6ec96911,0x3b376c88cfd234a9ca3a32f9c01c78d029db1abc,1295000000
0xefbda7d4a4c91a27483db65125b69c092820d248f7eda72c8cfa2234f284ee10,4833016,1514769577,1/1/18 1:19,0x2984581ece53a4390d1f568673cf693139c97049,0x4e93777ad0f50e2cbd3a2b8cb38f8edfd6f5976e,80815
0x0f45ee4f5a7debf7c5af8b87f19798be5663056f8d9bb9a94b85755dc08ebc48,4833062,1514770158,1/1/18 1:29,0x8d12a197cb00d4747a1fe03395095ce2a5cc6819,0xa08bcb3c81ea5285f811577d39745de27ab228d0,1050
0xd2352ef7a1daa19f953a695c3db4a7a48ee9f9f098348e035e03c992694803d2,4833066,1514770245,1/1/18 1:30,0x8d12a197cb00d4747a1fe03395095ce2a5cc6819,0x0b9d51a7cfd409607467c63a9cc915169bf4ee37,15000
0x798473af2dc4163ecb2827ab1be38217be42be99139c02e8facc0e074329d2b9,4833066,1514770245,1/1/18 1:30,0xa08bcb3c81ea5285f811577d39745de27ab228d0,0x544f9e933b33da1a04aa5885ecf9eacc9035c355,1050
0xb9c3de9d519c92993982c42eeb2ce1553c71355dfc172e9b111bef570853a66f,4833218,1514772470,1/1/18 2:07,0x2984581ece53a4390d1f568673cf693139c97049,0xf4cce77a5e78a98034719e2cb8fab170c4b4149d,399179
0x0fde663290b88e32123a17e5d15c0f80266611a4b86744bc01114afb1f4454c8,4833228,1514772617,1/1/18 2:10,0x2984581ece53a4390d1f568673cf693139c97049,0x679214d3214184b677247be91b42dd9b6959f119,70264
0xd215c7766718b505d17fa44832431fd9caa8ad1112094afa063d36a06f65e480,4833291,1514773508,1/1/18 2:25,0x679214d3214184b677247be91b42dd9b6959f119,0x4b01721f0244e7c5b5f63c20942850e447f5a5ee,70264
0x37ed95d633009ce7ae1103fec025cabffcb80dbae721cb8b44ff04880a3f02e4,4833331,1514774046,1/1/18 2:34,0x8d12a197cb00d4747a1fe03395095ce2a5cc6819,0x18b8f29701d65eccbfd82854d0b7cb5cd362138d,145038
0x512a7321347ef3b57694e00c10c1e87eb775a1f3f557f44aa91819a4194ff541,4833409,1514775087,1/1/18 2:51,0x4b01721f0244e7c5b5f63c20942850e447f5a5ee,0x3ec7082db5b6144bbcc8c124a8b9e515a10910b3,99
0xde9932f0f8fff2da484b694d3b759dbf9b426035e521b93262f3d7f7d1d2b0b9,4833424,1514775366,1/1/18 2:56,0x4b01721f0244e7c5b5f63c20942850e447f5a5ee,0x3ec7082db5b6144bbcc8c124a8b9e515a10910b3,1194974
0xc896f3c19fc07dfa58b6d8f23dfe62abf082d77b89516d77d95cacfc93a60471,4833724,1514779422,1/1/18 4:03,0x4b01721f0244e7c5b5f63c20942850e447f5a5ee,0xb69769c5b1674f6851dbd3c85c20ae4517e00306,1222585
0x344c858559eaf0dcb6caa40c824ff3ef2e3a2c9905349dcbbe9678b12e910fc0,4833790,1514780582,1/1/18 4:23,0xb69769c5b1674f6851dbd3c85c20ae4517e00306,0x4b01721f0244e7c5b5f63c20942850e447f5a5ee,1222585
0xe002f86446508c45183a6eb7502981a0e2d6ee8e9ac3575dbc11c9cd2e715095,4833841,1514781336,1/1/18 4:35,0x8d12a197cb00d4747a1fe03395095ce2a5cc6819,0x09a99a4e50720d60cd6fd1f6519bc1b94e0d526b,2001183
0x29bc37e026bed8d24d285679e0f9149113cf0f6c85929b3a58f0230f21206bf4,4833881,1514781958,1/1/18 4:45,0x2984581ece53a4390d1f568673cf693139c97049,0xd7c1287f8e26c39907cc29bb99b109a9eb1ba320,2714670
0x7d730f1819c24222aea8b55e3652d9e7ba3b215a6bff0942450e1a69cc8c1a60,4833950,1514782870,1/1/18 5:01,0xd7c1287f8e26c39907cc29bb99b109a9eb1ba320,0x4b01721f0244e7c5b5f63c20942850e447f5a5ee,2714670
0xaf448f5485dec65ceade0a69a0a8faac4f8c83447a98ce7f03e913b8c151ee15,4834023,1514783809,1/1/18 5:16,0x43e01153fe0bf18a88a18d8fde54a233769a06e5,0xcdbd7db54bccaa674ca17ac54cdd67fe94a956de,10000
0xdb6c5c1db85b85b3130b627879e1ded1c146d2faa1ed46089039c2a4fcbb1d05,4834049,1514784144,1/1/18 5:22,0x71cc22d943b500c487e40531e507fcb691aef192,0x2998f335a255732f50c51f4227b58c0272fc1ff3,1500000
0xa988c809a42c32b83607d4f98ff5746faa4b27e09ad9d3908d6e58c3eb7d9514,4834463,1514790037,1/1/18 7:00,0xea6fa71a6254575eee9b5b97092dee72f77784fe,0x8d12a197cb00d4747a1fe03395095ce2a5cc6819,100000
0x921c3a7eb1c12dd7a85245754e937a81ca29fb9ea0227d8d1f34d43ef1280727,4834473,1514790158,1/1/18 7:02,0x8d12a197cb00d4747a1fe03395095ce2a5cc6819,0x04ad25c12446af34af6df299ce6e48382033c40f,135000
0x3630ddbd94c96f91c8ea07ca0611b2dd8ae534d938b8995a42d27b08e274f1cd,4834492,1514790367,1/1/18 7:06,0x8d12a197cb00d4747a1fe03395095ce2a5cc6819,0xa8120ed12c592b5766276ad53c9ee8965f9aa43c,165401
0x922bfb6f82aea4f7427a2e5b750158da016b17751b8c82012b01123c9851f25f,4834502,1514790546,1/1/18 7:09,0x8d12a197cb00d4747a1fe03395095ce2a5cc6819,0xea6fa71a6254575eee9b5b97092dee72f77784fe,100000
0x3926a5774e5daa98f849d61e4c84616cb5c3577bc613cf796616c8f0b194e4c8,4834528,1514791034,1/1/18 7:17,0xea6fa71a6254575eee9b5b97092dee72f77784fe,0x8d12a197cb00d4747a1fe03395095ce2a5cc6819,100000
0xabe6ac3eb98a771d6aa6612da4ae12fea0e4daf2428b27e4102000369dcc6dd0,4834558,1514791454,1/1/18 7:24,0x2984581ece53a4390d1f568673cf693139c97049,0xf9ecd0f43a1ad2a07016a93d7ee9e9d388f0545d,292566
0x01e5a218035e0b6ff79291bfe2e82199a04f7ecf9b8df8eca8bb6f6a2ef6ada0,4834560,1514791481,1/1/18 7:24,0x8d12a197cb00d4747a1fe03395095ce2a5cc6819,0xea6fa71a6254575eee9b5b97092dee72f77784fe,100000
0xd765cce6f1bc9153da47f556939c6258cb0d861051851db0a93f8221ff60ad26,4834633,1514792600,1/1/18 7:43,0x560ee666a6218d3d8a8b135e2672883aa3fe606c,0x566b813ea7f8d7a0bfb715ae2a1d58e8b317bfbb,1198977
0xf78aad59dc922079400847e07c723909e96621eb1dd92d1d2554a68d30861b79,4834692,1514793414,1/1/18 7:56,0x566b813ea7f8d7a0bfb715ae2a1d58e8b317bfbb,0x4b01721f0244e7c5b5f63c20942850e447f5a5ee,1198977
0x44e8738471d3f6dfb6db1e356d1156d4570b87dea700d7f721d0f9e3e5365dc9,4834717,1514793723,1/1/18 8:02,0x2984581ece53a4390d1f568673cf693139c97049,0x2bca007423c676cb4f24cd663dd38e3cf6f760dd,54093
0x6bf3a86302821d7022d3664b5292276019f54a05075d7db76e125d5018dead52,4834821,1514795125,1/1/18 8:25,0x8d12a197cb00d4747a1fe03395095ce2a5cc6819,0x8d322b2c421dbb45174323891bcdb17bbb8426fe,239356
0x66d65659981c985223c5fae4dd67d0e09f5b9554d3273a015fce472ecfc68e77,4834826,1514795222,1/1/18 8:27,0x8d322b2c421dbb45174323891bcdb17bbb8426fe,0xdf439f4cb4564a1c45dff409e13f5534b8c0212e,239356
0x53c006fe2afa35816f24136cef5565d2d4224d50407198cbf39e0891913667fc,4834890,1514796007,1/1/18 8:40,0x04ad25c12446af34af6df299ce6e48382033c40f,0xfb9141373594381191ad4eaa39c70f8e7e657cc2,135000
0xe07919abf9e09541533f741baa902bd970bb8dc2be2451d7fde923839c5ce54e,4834949,1514796674,1/1/18 8:51,0x2984581ece53a4390d1f568673cf693139c97049,0x2579c8c03042bef18a614504ff74c2923f88353e,284431
0xae2193ee7fd8e3bb8338f4aa6adf123c365d54771739ad62ba5140fe4d784dbc,4834956,1514796768,1/1/18 8:52,0xa0e6db7023640edb415c5ec76c77e346d5bc9fd6,0x10d85f29d603ed848c57afd6e9b2103f460806ad,49899